<TravelAgency>
  <UUID>3fa85f64-5717-4562-b3fc-2c963f66afa6</UUID>
  <Name>Travel Company Rozavitriv</Name>
  <Agents>
    <Agent>
      <UUID>df4d4657-fd83-4c21-8478-809c443f1b45</UUID>
      <FirstName>John</FirstName>
      <LastName>Travolta</LastName>
    </Agent>
    <Agent>
      <UUID>588e3727-030d-413e-9849-caaf844f306b</UUID>
      <FirstName>Keanu</FirstName>
      <LastName>Reeves</LastName>
    </Agent>
    <Agent>
      <UUID>8bd5e546-9b9d-4e09-ad05-934df6f66363</UUID>
      <FirstName>Will</FirstName>
      <LastName>Smith</LastName>
    </Agent>
  </Agents>
</TravelAgency>