<Agency>
  <UUID>3fa85f64-5717-4562-b3fc-2c963f66afa6</UUID>
  <Name>Rozavitriv</Name>
  <Agents>
    <Agent>
      <UUID>df4d4657-fd83-4c21-8478-809c443f1b45</UUID>
      <FirstName>John</FirstName>
      <LastName>Travolta</LastName>
    </Agent>
    <Agent>
      <UUID>588e3727-030d-413e-9849-caaf844f306b</UUID>
      <FirstName>Keanu</FirstName>
      <LastName>Reeves</LastName>
    </Agent>
    <Agent>
      <UUID>d5472930-a571-4c25-8cb5-d25e7a3ee38b</UUID>
      <FirstName>James</FirstName>
      <LastName>Cameron</LastName>
    </Agent>
  </Agents>
</Agency>